rnpid,a1,a2,P,OR
rs138257042,A,G,0.7356542697607678,0.9893805046652474
rs138257532,T,C,0.3220682472690244,0.9691717878285065
rs200923114,T,C,0.05493904740757216,0.9411098318267268
rs200923174,G,C,0.4639346531724704,1.023430268396081
rs200923853,A,G,0.666059310747559,1.0137407574425945
rs200923865,C,T,0.6248253574303126,0.9846546902068678
rs62224009,T,C,0.40860372645051224,1.0264760081095552
rs62224011,A,C,0.5161468643419058,1.020744795451471
rs62224027,A,G,0.3209322582767322,1.0318847610116886
rs62224064,G,A,0.28579697535124704,0.9668095516697992
rs62224104,A,T,0.9898521502155504,1.0004022842388811
rs62224164,T,G,0.8256315446948175,1.0069910645194007
rs62224169,A,G,0.07346240858853093,1.0582357119373174
rs62224195,T,C,0.37032365037159365,1.0287349164796835
rs62224199,T,G,0.2879332026678896,0.9669538917625807
rs62224222,T,C,0.9530183040025353,1.0018648523743388
rs62224237,A,G,0.690754441021143,0.987498269395338
rs62224246,A,G,0.21634663655920883,1.0398695532263862
rs62224253,G,C,0.6534862118045428,0.9859040561785998
rs62224258,A,G,0.15628804868371304,0.9561594773456319
rs62224270,G,C,0.47436639845492934,0.9776312698424112
rs62224514,A,C,0.6139816098672095,0.9841760647208905
rs62224618,T,C,0.13672072981124517,1.0481831256328853
rs62224670,A,G,0.7243752123261726,0.9889111945241503
rs62224679,T,A,0.35035296628949886,1.0299730790801873
rs62224722,G,A,0.4429276024905202,1.0245595947857258
rs62224727,A,G,0.8072632994705691,1.0077444657706063
rs62224802,T,G,0.9362971873954469,1.0025306359109105
rs62224968,C,T,0.6610931675929907,0.98623209268626
rs62224994,T,C,0.5954197460546995,0.9833485437137098
rs79847024,T,C,0.2733061967466508,1.0352491622274058
rs79847029,A,G,0.5724621383239508,0.9823095312279371
rs79847151,T,C,0.8648885938378745,0.9946336910169834
rs79847255,A,G,0.4458861300478676,0.9761824541150843
rs79847340,A,G,0.698865043300072,0.9878411576589519
rs79847349,G,A,0.6229767000529927,0.9845733341906364
rs7984736,C,T,0.8428930673951669,0.9937521462702004
rs79847426,C,T,0.9410252639263372,1.0023422329138074
rs79847444,T,C,0.05981116836742317,0.942216826993934
rs79847529,T,C,0.0016006598501601133,0.9050231720502783
rs7984771,A,G,0.6013902395439534,0.9836158918695792
rs79847800,A,C,0.2692425681500501,0.9656661421944643
rs79847867,A,C,0.11830320317978127,0.9518072483963407
rs79847872,A,G,0.030801242714513455,0.9339862801139037
rs7984789,T,C,0.1568129871128674,1.0457912789747228
rs79847896,T,C,0.3643350690388889,1.0291015581360943
rs798479,A,C,0.08181111484266035,1.0565746995562513
rs79847970,A,G,0.7585530140134584,1.0097676513825513
rs79847971,T,C,0.750240613626898,0.9899842658999009
