rnpid,f,a1,a2,p,log10p,eff,effse,N,log10fdrBH,fdrBH,z.from.peff,p.from.effeffse,effse.my.peff,effvar..f,effvar.my.peff..f
rs138257042,NA,A,G,0.96732433033,-0.0144278886297,0.040964332741,NA,1,-1.82439830025416e-05,0.999957992559039,0.0409643327410237,NA,0.999999999999422,NA,NA
rs138257532,NA,T,C,0.657894162818,-0.181843966874,0.442822451139,NA,1,-5.46475392644297e-05,0.99987417730706,0.442822451139858,NA,0.999999999998063,NA,NA
rs200923114,NA,T,C,0.184048675447,-0.735067303716,1.32839189546,NA,1,-0.00122816203842557,0.997176047275703,1.32839189545917,NA,1.00000000000063,NA,NA
rs200923174,NA,G,C,0.454642856166,-0.342329628621,0.747697140795,NA,1,-0.000227778620710772,0.999475657858861,0.747697140794528,NA,1.00000000000063,NA,NA
rs200923853,NA,A,G,0.520998945243,-0.283163155924,-0.641806320573,NA,1,-0.000227778620710772,0.999475657858861,-0.641806320572779,NA,1.00000000000034,NA,NA
rs200923865,NA,C,T,0.0381436420841,-1.4185778414,-2.07330781265,NA,1,-0.0087115405043976,0.980140781245728,-2.07330781264261,NA,1.00000000000357,NA,NA
rs62224009,NA,T,C,0.716825364085,-0.144586636037,0.362704866386,NA,1,-1.82439830025416e-05,0.999957992559039,0.362704866386601,NA,0.999999999998343,NA,NA
rs62224011,NA,A,C,0.0293293375592,-1.53269774601,2.17903137452,NA,1,-0.0102431019930735,0.976690352765121,2.17903137452336,NA,0.999999999998457,NA,NA
rs62224027,NA,A,G,0.382624623709,-0.4172270845,0.873070551975,NA,1,-0.000274248908752384,0.999368717893385,0.873070551974517,NA,1.00000000000055,NA,NA
rs62224064,NA,G,A,0.453946338383,-0.342995482653,0.748852125251,NA,1,-0.000227778620710772,0.999475657858861,0.74885212525222,NA,0.999999999998371,NA,NA
rs62224104,NA,A,T,0.513804295262,-0.289202269473,0.652925520693,NA,1,-0.000227778620710772,0.999475657858861,0.652925520692931,NA,1.00000000000011,NA,NA
rs62224164,NA,T,G,0.831704257748,-0.0800310752248,0.212516306265,NA,1,-1.82439830025416e-05,0.999957992559039,0.212516306265387,NA,0.999999999998181,NA,NA
rs62224169,NA,A,G,0.884194515593,-0.0534521832267,-0.145654026697,NA,1,-1.82439830025416e-05,0.999957992559039,-0.145654026696939,NA,1.00000000000042,NA,NA
rs62224195,NA,T,C,0.617123865935,-0.209627657858,0.499930712236,NA,1,-0.000227778620710772,0.999475657858861,0.499930712236652,NA,0.999999999998695,NA,NA
rs62224199,NA,T,G,0.824633556079,-0.0837389968163,0.221589372856,NA,1,-1.82439830025416e-05,0.999957992559039,0.221589372855969,NA,1.00000000000014,NA,NA
rs62224222,NA,T,C,0.487596720373,-0.311939224154,0.694136324637,NA,1,-0.000227778620710772,0.999475657858861,0.694136324636528,NA,1.00000000000068,NA,NA
rs62224237,NA,A,G,0.513953018503,-0.289076578937,-0.652694857394,NA,1,-0.000227778620710772,0.999475657858861,-0.652694857393608,NA,1.0000000000006,NA,NA
rs62224246,NA,A,G,0.991037121802,-0.00391007761186,-0.0112335382168,NA,1,-1.82439830025416e-05,0.999957992559039,-0.0112335382168465,NA,0.999999999995863,NA,NA
rs62224253,NA,G,C,0.197881737527,-0.70359428491,-1.28761005468,NA,1,-0.000687693903276276,0.998417779302831,-1.2876100546806,NA,0.999999999999533,NA,NA
rs62224258,NA,A,G,0.249651153556,-0.602666422872,-1.15119711082,NA,1,-0.000429195737090993,0.999012228461596,-1.15119711081871,NA,1.00000000000112,NA,NA
rs62224270,NA,G,C,0.0478740346164,-1.31989997052,-1.9784848625,NA,1,-0.00723331504121738,0.983482609676795,-1.97848486250691,NA,0.999999999996507,NA,NA
rs62224514,NA,A,C,0.770835073238,-0.113038533032,-0.291282757856,NA,1,-1.82439830025416e-05,0.999957992559039,-0.291282757856842,NA,0.99999999999711,NA,NA
rs62224618,NA,T,C,0.850498528003,-0.0703264337044,-0.18848237834,NA,1,-1.82439830025416e-05,0.999957992559039,-0.188482378339976,NA,1.00000000000013,NA,NA
rs62224670,NA,A,G,0.336273456334,-0.473307412266,0.961554460472,NA,1,-0.000274248908752384,0.999368717893385,0.961554460472318,NA,0.999999999999669,NA,NA
rs62224679,NA,T,A,0.505974769907,-0.295871138424,0.665118395106,NA,1,-0.000227778620710772,0.999475657858861,0.665118395106324,NA,0.999999999999513,NA,NA
rs62224722,NA,G,A,0.10965130538,-0.959986193754,1.59976238927,NA,1,-0.00244508887446226,0.994385793697615,1.59976238927341,NA,0.999999999997868,NA,NA
rs62224727,NA,A,G,0.761128012014,-0.118542294299,0.303999841365,NA,1,-1.82439830025416e-05,0.999957992559039,0.303999841363941,NA,1.00000000000348,NA,NA
rs62224802,NA,T,G,0.605139768602,-0.218144305146,-0.51702347948,NA,1,-0.000227778620710772,0.999475657858861,-0.51702347948036,NA,0.999999999999303,NA,NA
rs62224968,NA,C,T,0.888933258065,-0.0511308450392,-0.13965414522,NA,1,-1.82439830025416e-05,0.999957992559039,-0.139654145219612,NA,1.00000000000278,NA,NA
rs62224994,NA,T,C,0.50945652307,-0.292892872691,-0.659684176582,NA,1,-0.000227778620710772,0.999475657858861,-0.659684176582476,NA,0.999999999999279,NA,NA
rs79847024,NA,T,C,0.0530867831076,-1.27501359074,1.93421431465,NA,1,-0.00654286439706375,0.985047414888297,1.93421431464624,NA,1.00000000000195,NA,NA
rs79847029,NA,A,G,0.829864742072,-0.0809926866102,-0.214875044459,NA,1,-1.82439830025416e-05,0.999957992559039,-0.214875044458724,NA,1.00000000000129,NA,NA
rs79847151,NA,T,C,0.308010924439,-0.511433879801,-1.01940459743,NA,1,-0.000274248908752384,0.999368717893385,-1.01940459743142,NA,0.999999999998603,NA,NA
rs79847255,NA,A,G,0.345740908696,-0.4612492309,0.942882692192,NA,1,-0.000274248908752384,0.999368717893385,0.942882692191033,NA,1.00000000000103,NA,NA
rs79847340,NA,A,G,0.238070025006,-0.623295282437,1.17982449519,NA,1,-0.000687693903276276,0.998417779302831,1.17982449519205,NA,0.999999999998259,NA,NA
rs79847349,NA,G,A,0.700551432887,-0.154559974298,0.384576196222,NA,1,-1.82439830025416e-05,0.999957992559039,0.384576196222116,NA,0.999999999999699,NA,NA
rs7984736,NA,C,T,0.663083780408,-0.178431595169,0.435659519014,NA,1,-1.82439830025416e-05,0.999957992559039,0.435659519013213,NA,1.00000000000181,NA,NA
rs79847426,NA,C,T,0.76100739707,-0.118611121822,-0.304158162673,NA,1,-1.82439830025416e-05,0.999957992559039,-0.304158162672702,NA,1.00000000000098,NA,NA
rs79847444,NA,T,C,0.474632565483,-0.323642467289,0.714961933484,NA,1,-0.000227778620710772,0.999475657858861,0.714961933483633,NA,1.00000000000051,NA,NA
rs79847529,NA,T,C,0.0478155188336,-1.32043112745,-1.97900432931,NA,1,-0.00723331504121738,0.983482609676795,-1.97900432931491,NA,0.99999999999752,NA,NA
rs7984771,NA,A,G,0.550399142836,-0.25932225112,-0.597162126135,NA,1,-0.000227778620710772,0.999475657858861,-0.597162126134523,NA,1.0000000000008,NA,NA
rs79847800,NA,A,C,0.271653676874,-0.565984412348,1.09926228747,NA,1,-0.000334158884685465,0.999230866668225,1.0992622874733,NA,0.999999999996997,NA,NA
rs79847867,NA,A,C,0.832323533226,-0.0797078258936,-0.211722500416,NA,1,-1.82439830025416e-05,0.999957992559039,-0.211722500416045,NA,0.999999999999785,NA,NA
rs79847872,NA,A,G,0.782192466008,-0.10668637144,-0.276463010818,NA,1,-1.82439830025416e-05,0.999957992559039,-0.276463010817263,NA,1.00000000000267,NA,NA
rs7984789,NA,T,C,0.889430734998,-0.0508878672311,-0.139024568143,NA,1,-1.82439830025416e-05,0.999957992559039,-0.139024568143167,NA,0.999999999998802,NA,NA
rs79847896,NA,T,C,0.619129710264,-0.208218354937,-0.497084151461,NA,1,-0.000227778620710772,0.999475657858861,-0.497084151461726,NA,0.99999999999854,NA,NA
rs798479,NA,A,C,0.405379986468,-0.392137696149,0.832051304198,NA,1,-0.000274248908752384,0.999368717893385,0.832051304197205,NA,1.00000000000096,NA,NA
rs79847970,NA,A,G,0.594336886983,-0.22596731481,-0.532561892833,NA,1,-0.000227778620710772,0.999475657858861,-0.53256189283388,NA,0.999999999998349,NA,NA
rs79847971,NA,T,C,0.632085399165,-0.199224241527,0.478793699743,NA,1,-0.000227778620710772,0.999475657858861,0.478793699742656,NA,1.00000000000072,NA,NA
