rnpid,a1,a2,N
rs138257042,A,G,916
rs138257532,T,C,981
rs200923114,T,C,938
rs200923174,G,C,933
rs200923853,A,G,960
rs200923865,C,T,961
rs62224009,T,C,912
rs62224011,A,C,929
rs62224027,A,G,958
rs62224064,G,A,963
rs62224104,A,T,951
rs62224164,T,G,951
rs62224169,A,G,953
rs62224195,T,C,956
rs62224199,T,G,987
rs62224222,T,C,983
rs62224237,A,G,911
rs62224246,A,G,971
rs62224253,G,C,990
rs62224258,A,G,928
rs62224270,G,C,923
rs62224514,A,C,901
rs62224618,T,C,913
rs62224670,A,G,909
rs62224679,T,A,923
rs62224722,G,A,979
rs62224727,A,G,960
rs62224802,T,G,991
rs62224968,C,T,956
rs62224994,T,C,976
rs79847024,T,C,938
rs79847029,A,G,937
rs79847151,T,C,917
rs79847255,A,G,945
rs79847340,A,G,926
rs79847349,G,A,933
rs7984736,C,T,989
rs79847426,C,T,920
rs79847444,T,C,958
rs79847529,T,C,920
rs7984771,A,G,928
rs79847800,A,C,979
rs79847867,A,C,917
rs79847872,A,G,957
rs7984789,T,C,942
rs79847896,T,C,927
rs798479,A,C,904
rs79847970,A,G,910
rs79847971,T,C,931
