rnpid,a1,a2,b,se
rs138257042,A,G,-0.010676284581923946,0.03162277660168379
rs138257532,T,C,-0.03131339918350505,0.03162277660168379
rs200923114,T,C,-0.06069542800723676,0.03162277660168379
rs200923174,G,C,0.023159993261901178,0.03162277660168379
rs200923853,A,G,0.013647209209962699,0.03162277660168379
rs200923865,C,T,-0.015464267591386784,0.03162277660168379
rs62224009,T,C,0.026131584685010385,0.03162277660168379
rs62224011,A,C,0.020532552455072066,0.03162277660168379
rs62224027,A,G,0.03138699513794578,0.03162277660168379
rs62224064,G,A,-0.033753750526603205,0.03162277660168379
rs62224104,A,T,4.0220334427095724e-4,0.03162277660168379
rs62224164,T,G,0.0069667403300266,0.03162277660168379
rs62224169,A,G,0.05660309873296237,0.03162277660168379
rs62224195,T,C,0.0283298109134975,0.03162277660168379
rs62224199,T,G,-0.03360446640031593,0.03162277660168379
rs62224222,T,C,0.0018631156959137514,0.03162277660168379
rs62224237,A,G,-0.012580534719445919,0.03162277660168379
rs62224246,A,G,0.0390952756963192,0.03162277660168379
rs62224253,G,C,-0.01419623522094475,0.03162277660168379
rs62224258,A,G,-0.04483056253604924,0.03162277660168379
rs62224270,G,C,-0.02262270474001274,0.03162277660168379
rs62224514,A,C,-0.015950470373630087,0.03162277660168379
rs62224618,T,C,0.04705830883322761,0.03162277660168379
rs62224670,A,G,-0.011150744592137062,0.03162277660168379
rs62224679,T,A,0.029532665084619734,0.03162277660168379
rs62224722,G,A,0.024262856634825903,0.03162277660168379
rs62224727,A,G,0.007714631331099501,0.03162277660168379
rs62224802,T,G,0.002527439243784994,0.03162277660168379
rs62224968,C,T,-0.013863563958999337,0.03162277660168379
rs62224994,T,C,-0.01679165025257865,0.03162277660168379
rs79847024,T,C,0.03464213419656229,0.03162277660168379
rs79847029,A,G,-0.017848815377871446,0.03162277660168379
rs79847151,T,C,-0.005380759338968574,0.03162277660168379
rs79847255,A,G,-0.024105769348593566,0.03162277660168379
rs79847340,A,G,-0.012233365759659463,0.03162277660168379
rs79847349,G,A,-0.0155468949105898,0.03162277660168379
rs7984736,C,T,-0.006267453247172605,0.03162277660168379
rs79847426,C,T,0.0023394941619921403,0.03162277660168379
rs79847444,T,C,-0.05951985361656038,0.03162277660168379
rs79847529,T,C,-0.09979473113455432,0.03162277660168379
rs7984771,A,G,-0.016519811928835466,0.03162277660168379
rs79847800,A,C,-0.03493711300034207,0.03162277660168379
rs79847867,A,C,-0.04939273486253521,0.03162277660168379
rs79847872,A,G,-0.06829353024672659,0.03162277660168379
rs7984789,T,C,0.04477380364238446,0.03162277660168379
rs79847896,T,C,0.028686147935231766,0.03162277660168379
rs798479,A,C,0.05503226031303674,0.03162277660168379
rs79847970,A,G,0.009720256251948922,0.03162277660168379
rs79847971,T,C,-0.01006622901020012,0.03162277660168379
