rnpid,a1,a2,P,b
rs138257042,A,G,0.7356542697607678,-0.010676284581923946
rs138257532,T,C,0.3220682472690244,-0.03131339918350505
rs200923114,T,C,0.05493904740757216,-0.06069542800723676
rs200923174,G,C,0.4639346531724704,0.023159993261901178
rs200923853,A,G,0.666059310747559,0.013647209209962699
rs200923865,C,T,0.6248253574303126,-0.015464267591386784
rs62224009,T,C,0.40860372645051224,0.026131584685010385
rs62224011,A,C,0.5161468643419058,0.020532552455072066
rs62224027,A,G,0.3209322582767322,0.03138699513794578
rs62224064,G,A,0.28579697535124704,-0.033753750526603205
rs62224104,A,T,0.9898521502155504,4.0220334427095724e-4
rs62224164,T,G,0.8256315446948175,0.0069667403300266
rs62224169,A,G,0.07346240858853093,0.05660309873296237
rs62224195,T,C,0.37032365037159365,0.0283298109134975
rs62224199,T,G,0.2879332026678896,-0.03360446640031593
rs62224222,T,C,0.9530183040025353,0.0018631156959137514
rs62224237,A,G,0.690754441021143,-0.012580534719445919
rs62224246,A,G,0.21634663655920883,0.0390952756963192
rs62224253,G,C,0.6534862118045428,-0.01419623522094475
rs62224258,A,G,0.15628804868371304,-0.04483056253604924
rs62224270,G,C,0.47436639845492934,-0.02262270474001274
rs62224514,A,C,0.6139816098672095,-0.015950470373630087
rs62224618,T,C,0.13672072981124517,0.04705830883322761
rs62224670,A,G,0.7243752123261726,-0.011150744592137062
rs62224679,T,A,0.35035296628949886,0.029532665084619734
rs62224722,G,A,0.4429276024905202,0.024262856634825903
rs62224727,A,G,0.8072632994705691,0.007714631331099501
rs62224802,T,G,0.9362971873954469,0.002527439243784994
rs62224968,C,T,0.6610931675929907,-0.013863563958999337
rs62224994,T,C,0.5954197460546995,-0.01679165025257865
rs79847024,T,C,0.2733061967466508,0.03464213419656229
rs79847029,A,G,0.5724621383239508,-0.017848815377871446
rs79847151,T,C,0.8648885938378745,-0.005380759338968574
rs79847255,A,G,0.4458861300478676,-0.024105769348593566
rs79847340,A,G,0.698865043300072,-0.012233365759659463
rs79847349,G,A,0.6229767000529927,-0.0155468949105898
rs7984736,C,T,0.8428930673951669,-0.006267453247172605
rs79847426,C,T,0.9410252639263372,0.0023394941619921403
rs79847444,T,C,0.05981116836742317,-0.05951985361656038
rs79847529,T,C,0.0016006598501601133,-0.09979473113455432
rs7984771,A,G,0.6013902395439534,-0.016519811928835466
rs79847800,A,C,0.2692425681500501,-0.03493711300034207
rs79847867,A,C,0.11830320317978127,-0.04939273486253521
rs79847872,A,G,0.030801242714513455,-0.06829353024672659
rs7984789,T,C,0.1568129871128674,0.04477380364238446
rs79847896,T,C,0.3643350690388889,0.028686147935231766
rs798479,A,C,0.08181111484266035,0.05503226031303674
rs79847970,A,G,0.7585530140134584,0.009720256251948922
rs79847971,T,C,0.750240613626898,-0.01006622901020012
